{
	"format_version": "1.8.0",
	"animations": {
		"animation.miraidon_rideable.json": {
			"loop": true
		},
		"animation.miraidonpd.ground_idle": {
			"loop": true,
			"animation_length": 1.7778,
			"bones": {
				"miraidon": {
					"position": {
						"0.0": [0, -3.5, 5],
						"0.8889": [0, -3.7, 5],
						"1.7778": [0, -3.5, 5]
					}
				},
				"f_wheel": {
					"rotation": {
						"0.0": [-17.5, 0, 0],
						"1.7778": [-17.5, 0, 0]
					},
					"position": {
						"0.0": [0, 4.3, -4],
						"1.7778": [0, 4.3, -4]
					},
					"scale": {
						"0.0": [0.85, 0.6, 0.5],
						"1.7778": [0.85, 0.6, 0.5]
					}
				},
				"r_wheel": {
					"rotation": {
						"0.0": [32.5, 0, 0],
						"1.7778": [32.5, 0, 0]
					},
					"position": {
						"0.0": [0, 2.5, 2.6],
						"1.7778": [0, 2.5, 2.6]
					},
					"scale": {
						"0.0": [1, 0.5, 0.2],
						"1.7778": [1, 0.5, 0.2]
					}
				},
				"r_front_leg": {
					"rotation": {
						"0.0": [0, 0, 82.5],
						"0.8889": [-0.01324, 2.92362, 81.98403],
						"1.7778": [0, 0, 82.5]
					},
					"position": {
						"0.0": [0.8, 0.4, 0],
						"1.7778": [0.8, 0.4, 0]
					}
				},
				"l_front_leg": {
					"rotation": {
						"0.0": [0, 0, -82.5],
						"0.7407": [-0.01324, -2.92362, -81.98403],
						"1.7778": [0, 0, -82.5]
					},
					"position": {
						"0.0": [0, 1, 0],
						"1.7778": [0, 1, 0]
					}
				},
				"r_back_leg": {
					"rotation": {
						"0.0": [-20, 0, 0],
						"0.8889": [-23, 0, 0],
						"1.7778": [-20, 0, 0]
					}
				},
				"l_back_leg": {
					"rotation": {
						"0.0": [-20, 0, 0],
						"0.8889": [-23, 0, 0],
						"1.7778": [-20, 0, 0]
					}
				},
				"wing_r": {
					"scale": [0, 1, 1]
				},
				"wing_l": {
					"scale": [0, 1, 1]
				},
				"r_front_leg_lower": {
					"rotation": {
						"0.0": [-90, -35, 0],
						"0.8889": [-90, -37.89659, 0],
						"1.7778": [-90, -35, 0]
					},
					"position": {
						"0.0": [-0.7, 0, -1.1],
						"1.7778": [-0.7, 0, -1.1]
					},
					"scale": {
						"0.0": [1.3, 1, 1],
						"1.7778": [1.3, 1, 1]
					}
				},
				"l_front_leg_lower": {
					"rotation": {
						"0.0": [-90, 35, 0],
						"0.7407": [-90, 37.96876, 0],
						"1.7778": [-90, 35, 0]
					},
					"position": {
						"0.0": [0.9, 0, -0.8],
						"1.7778": [0.9, 0, -0.8]
					},
					"scale": {
						"0.0": [1.3, 1, 1],
						"1.7778": [1.3, 1, 1]
					}
				},
				"r_front_foot": {
					"rotation": {
						"0.0": [-93.54421, 6.13411, -61.05967],
						"1.7778": [-93.54421, 6.13411, -61.05967]
					},
					"position": {
						"0.0": [0, -2.2, -1],
						"1.7778": [0, -2.2, -1]
					}
				},
				"l_front_foot": {
					"rotation": {
						"0.0": [-93.73561, -6.21708, 61.82575],
						"1.7778": [-93.73561, -6.21708, 61.82575]
					},
					"position": {
						"0.0": [0, -2.3, -1],
						"1.7778": [0, -2.3, -1]
					}
				},
				"r_low_back_leg": {
					"rotation": {
						"0.0": [10, 0, 0],
						"0.8889": [12, 0, 0],
						"1.7778": [10, 0, 0]
					},
					"scale": {
						"0.0": [1, 1.19, 1],
						"1.7778": [1, 1.19, 1]
					}
				},
				"l_low_back_leg": {
					"rotation": {
						"0.0": [10, 0, 0],
						"0.8889": [10.01745, -0.49227, -0.08596],
						"1.7778": [10, 0, 0]
					},
					"scale": {
						"0.0": [1, 1.2, 1],
						"1.7778": [1, 1.2, 1]
					}
				},
				"r_back_foot": {
					"rotation": {
						"0.0": [97.5, 0, 0],
						"1.7778": [97.5, 0, 0]
					},
					"position": {
						"0.0": [-0.2, -0.2, 0],
						"1.7778": [-0.2, -0.2, 0]
					}
				},
				"l_back_foot": {
					"rotation": {
						"0.0": [97.5, 0, 0],
						"0.8889": [99.5, 0, 0],
						"1.7778": [97.5, 0, 0]
					},
					"position": {
						"0.0": [0.2, -0.2, 0],
						"1.7778": [0.2, -0.2, 0]
					}
				},
				"root": {
					"position": [0, 0, 0]
				}
			}
		},
		"animation.miraidonpd.faint": {
			"loop": true,
			"animation_length": 1.7778,
			"bones": {
				"miraidon": {
					"position": {
						"0.0": [0, -3.5, 5],
						"0.8889": [0, -3.7, 5],
						"1.7778": [0, -3.5, 5]
					}
				},
				"f_wheel": {
					"rotation": {
						"0.0": [-17.5, 0, 0],
						"1.7778": [-17.5, 0, 0]
					},
					"position": {
						"0.0": [0, 4.3, -4],
						"1.7778": [0, 4.3, -4]
					},
					"scale": {
						"0.0": [0.85, 0.6, 0.5],
						"1.7778": [0.85, 0.6, 0.5]
					}
				},
				"r_wheel": {
					"rotation": {
						"0.0": [32.5, 0, 0],
						"1.7778": [32.5, 0, 0]
					},
					"position": {
						"0.0": [0, 2.5, 2.6],
						"1.7778": [0, 2.5, 2.6]
					},
					"scale": {
						"0.0": [1, 0.5, 0.2],
						"1.7778": [1, 0.5, 0.2]
					}
				},
				"r_front_leg": {
					"rotation": {
						"0.0": [0, 0, 82.5],
						"0.8889": [-0.01324, 2.92362, 81.98403],
						"1.7778": [0, 0, 82.5]
					},
					"position": {
						"0.0": [0.8, 0.4, 0],
						"1.7778": [0.8, 0.4, 0]
					}
				},
				"l_front_leg": {
					"rotation": {
						"0.0": [0, 0, -82.5],
						"0.7407": [-0.01324, -2.92362, -81.98403],
						"1.7778": [0, 0, -82.5]
					},
					"position": {
						"0.0": [0, 1, 0],
						"1.7778": [0, 1, 0]
					}
				},
				"r_back_leg": {
					"rotation": {
						"0.0": [-20, 0, 0],
						"0.8889": [-23, 0, 0],
						"1.7778": [-20, 0, 0]
					}
				},
				"l_back_leg": {
					"rotation": {
						"0.0": [-20, 0, 0],
						"0.8889": [-23, 0, 0],
						"1.7778": [-20, 0, 0]
					}
				},
				"wing_r": {
					"scale": {
						"0.0": [0, 1, 1],
						"1.7778": [0, 1, 1]
					}
				},
				"wing_l": {
					"scale": {
						"0.0": [0, 1, 1],
						"1.7778": [0, 1, 1]
					}
				},
				"r_front_leg_lower": {
					"rotation": {
						"0.0": [-90, -35, 0],
						"0.8889": [-90, -37.89659, 0],
						"1.7778": [-90, -35, 0]
					},
					"position": {
						"0.0": [-0.7, 0, -1.1],
						"1.7778": [-0.7, 0, -1.1]
					},
					"scale": {
						"0.0": [1.3, 1, 1],
						"1.7778": [1.3, 1, 1]
					}
				},
				"l_front_leg_lower": {
					"rotation": {
						"0.0": [-90, 35, 0],
						"0.7407": [-90, 37.96876, 0],
						"1.7778": [-90, 35, 0]
					},
					"position": {
						"0.0": [0.9, 0, -0.8],
						"1.7778": [0.9, 0, -0.8]
					},
					"scale": {
						"0.0": [1.3, 1, 1],
						"1.7778": [1.3, 1, 1]
					}
				},
				"r_front_foot": {
					"rotation": {
						"0.0": [-93.54421, 6.13411, -61.05967],
						"1.7778": [-93.54421, 6.13411, -61.05967]
					},
					"position": {
						"0.0": [0, -2.2, -1],
						"1.7778": [0, -2.2, -1]
					}
				},
				"l_front_foot": {
					"rotation": {
						"0.0": [-93.73561, -6.21708, 61.82575],
						"1.7778": [-93.73561, -6.21708, 61.82575]
					},
					"position": {
						"0.0": [0, -2.3, -1],
						"1.7778": [0, -2.3, -1]
					}
				},
				"r_low_back_leg": {
					"rotation": {
						"0.0": [10, 0, 0],
						"0.8889": [12, 0, 0],
						"1.7778": [10, 0, 0]
					},
					"scale": {
						"0.0": [1, 1.19, 1],
						"1.7778": [1, 1.19, 1]
					}
				},
				"l_low_back_leg": {
					"rotation": {
						"0.0": [10, 0, 0],
						"0.8889": [10.01745, -0.49227, -0.08596],
						"1.7778": [10, 0, 0]
					},
					"scale": {
						"0.0": [1, 1.2, 1],
						"1.7778": [1, 1.2, 1]
					}
				},
				"r_back_foot": {
					"rotation": {
						"0.0": [97.5, 0, 0],
						"1.7778": [97.5, 0, 0]
					},
					"position": {
						"0.0": [-0.2, -0.2, 0],
						"1.7778": [-0.2, -0.2, 0]
					}
				},
				"l_back_foot": {
					"rotation": {
						"0.0": [97.5, 0, 0],
						"0.8889": [99.5, 0, 0],
						"1.7778": [97.5, 0, 0]
					},
					"position": {
						"0.0": [0.2, -0.2, 0],
						"1.7778": [0.2, -0.2, 0]
					}
				},
				"root": {
					"position": [0, 0, 0]
				}
			}
		},
		"animation.miraidonpd.water_swim": {
			"loop": true,
			"animation_length": 1,
			"bones": {
				"miraidon": {
					"position": [0, -5, 0]
				},
				"f_wheel": {
					"rotation": {
						"0.0": [0, 0, 0],
						"1.0": [-720, 0, 0]
					}
				},
				"r_wheel": {
					"rotation": {
						"0.0": [0, 0, 0],
						"1.0": [-720, 0, 0]
					}
				},
				"r_front_leg": {
					"rotation": [-80, 7.5, 80],
					"position": [0.3, 0, 0]
				},