{
	"format_version": "1.8.0",
	"animations": {
		"animation.lugia.air_fly": {
			"loop": true,
			"animation_length": 1.5,
			"bones": {
				"neck": {
					"rotation": [22.5, 0, 0],
					"position": [0, 0, 2]
				},
				"head": {
					"rotation": [47.5, 0, 0],
					"position": [0, -2, 0]
				},
				"body": {
					"rotation": [50, 0, 0],
					"position": {
						"0.0": [0, 5, 0],
						"0.75": [0, 8, 0],
						"1.5": [0, 5, 0]
					}
				},
				"l_wing": {
					"rotation": {
						"0.0": [34.13554, 16.76559, 11.06517],
						"0.25": [32.89875, 8.42145, 5.41207],
						"0.5": [33.40659, -12.60837, -8.19252],
						"0.75": [34.58859, -18.82943, -12.54707],
						"1.0": [33.40659, -12.60837, -8.19252],
						"1.25": [32.89875, 8.42145, 5.41207],
						"1.5": [34.13554, 16.76559, 11.06517]
					}
				},
				"r_wing": {
					"rotation": {
						"0.0": [33.7424, -14.6914, -9.61518],
						"0.25": [32.72348, -6.3202, -4.04618],
						"0.5": [33.40659, 12.60837, 8.19252],
						"0.75": [34.58859, 18.82943, 12.54707],
						"1.0": [33.40659, 12.60837, 8.19252],
						"1.25": [32.72348, -6.3202, -4.04618],
						"1.5": [33.7424, -14.6914, -9.61518]
					}
				},
				"foot_right": {
					"rotation": [35, 0, 0]
				},
				"tail": {
					"rotation": [-40, 0, 0]
				},
				"tail1": {
					"rotation": {
						"0.0": [-2.5, 0, 0],
						"0.75": [5, 0, 0],
						"1.5": [-2.5, 0, 0]
					}
				},
				"tail2": {
					"rotation": {
						"0.0": [-5, 0, 0],
						"0.75": [2.5, 0, 0],
						"1.5": [-5, 0, 0]
					}
				},
				"tail3": {
					"rotation": {
						"0.0": [-2.5, 0, 0],
						"0.75": [2.5, 0, 0],
						"1.5": [-2.5, 0, 0]
					}
				},
				"tail4": {
					"rotation": {
						"0.0": [-2.5, 0, 0],
						"0.75": [2.5, 0, 0],
						"1.5": [-2.5, 0, 0]
					}
				},
				"l_wing1": {
					"rotation": {
						"0.0": [0, 25, 0],
						"0.25": [0, 12.5, 0],
						"0.5": [0, -7.5, 0],
						"1.0": [0, -7.5, 0],
						"1.25": [0, 12.5, 0],
						"1.5": [0, 25, 0]
					}
				},
				"l_wing2": {
					"rotation": {
						"0.0": [0, 15, 0],
						"0.25": [0, 7.5, 0],
						"0.5": [0, -7.5, 0],
						"1.0": [0, -7.5, 0],
						"1.25": [0, 7.5, 0],
						"1.5": [0, 15, 0]
					}
				},
				"bone": {
					"rotation": {
						"0.0": [0, -25, 0],
						"0.25": [0, -12.5, 0],
						"0.5": [0, 7.5, 0],
						"1.0": [0, 7.5, 0],
						"1.25": [0, -12.5, 0],
						"1.5": [0, -25, 0]
					}
				},
				"bone2": {
					"rotation": {
						"0.0": [0, -15, 0],
						"0.25": [0, -7.5, 0],
						"0.5": [0, 7.5, 0],
						"1.0": [0, 7.5, 0],
						"1.25": [0, -7.5, 0],
						"1.5": [0, -15, 0]
					}
				},
				"left_foot": {
					"rotation": [35, 0, 0]
				}
			}
		},
		"animation.lugia.ground_walk": {
			"loop": true,
			"animation_length": 1.5,
			"bones": {
				"neck": {
					"rotation": [22.5, 0, 0],
					"position": [0, 0, 2]
				},
				"head": {
					"rotation": [47.5, 0, 0],
					"position": [0, -2, 0]
				},
				"body": {
					"rotation": [50, 0, 0],
					"position": {
						"0.0": [0, 5, 0],
						"0.75": [0, 8, 0],
						"1.5": [0, 5, 0]
					}
				},
				"l_wing": {
					"rotation": {
						"0.0": [34.13554, 16.76559, 11.06517],
						"0.25": [32.89875, 8.42145, 5.41207],
						"0.5": [33.40659, -12.60837, -8.19252],
						"0.75": [34.58859, -18.82943, -12.54707],
						"1.0": [33.40659, -12.60837, -8.19252],
						"1.25": [32.89875, 8.42145, 5.41207],
						"1.5": [34.13554, 16.76559, 11.06517]
					}
				},
				"r_wing": {
					"rotation": {
						"0.0": [33.7424, -14.6914, -9.61518],
						"0.25": [32.72348, -6.3202, -4.04618],
						"0.5": [33.40659, 12.60837, 8.19252],
						"0.75": [34.58859, 18.82943, 12.54707],
						"1.0": [33.40659, 12.60837, 8.19252],
						"1.25": [32.72348, -6.3202, -4.04618],
						"1.5": [33.7424, -14.6914, -9.61518]
					}
				},
				"foot_right": {
					"rotation": [35, 0, 0]
				},
				"tail": {
					"rotation": [-40, 0, 0]
				},
				"tail1": {
					"rotation": {
						"0.0": [-2.5, 0, 0],
						"0.75": [5, 0, 0],
						"1.5": [-2.5, 0, 0]
					}
				},
				"tail2": {
					"rotation": {
						"0.0": [-5, 0, 0],
						"0.75": [2.5, 0, 0],
						"1.5": [-5, 0, 0]
					}
				},
				"tail3": {
					"rotation": {
						"0.0": [-2.5, 0, 0],
						"0.75": [2.5, 0, 0],
						"1.5": [-2.5, 0, 0]
					}
				},
				"tail4": {
					"rotation": {
						"0.0": [-2.5, 0, 0],
						"0.75": [2.5, 0, 0],
						"1.5": [-2.5, 0, 0]
					}
				},
				"l_wing1": {
					"rotation": {
						"0.0": [0, 25, 0],
						"0.25": [0, 12.5, 0],
						"0.5": [0, -7.5, 0],
						"1.0": [0, -7.5, 0],
						"1.25": [0, 12.5, 0],
						"1.5": [0, 25, 0]
					}
				},
				"l_wing2": {
					"rotation": {
						"0.0": [0, 15, 0],
						"0.25": [0, 7.5, 0],
						"0.5": [0, -7.5, 0],
						"1.0": [0, -7.5, 0],
						"1.25": [0, 7.5, 0],
						"1.5": [0, 15, 0]
					}
				},
				"bone": {
					"rotation": {
						"0.0": [0, -25, 0],
						"0.25": [0, -12.5, 0],
						"0.5": [0, 7.5, 0],
						"1.0": [0, 7.5, 0],
						"1.25": [0, -12.5, 0],
						"1.5": [0, -25, 0]
					}
				},
				"bone2": {
					"rotation": {
						"0.0": [0, -15, 0],
						"0.25": [0, -7.5, 0],
						"0.5": [0, 7.5, 0],
						"1.0": [0, 7.5, 0],
						"1.25": [0, -7.5, 0],
						"1.5": [0, -15, 0]
					}
				},
				"left_foot": {
					"rotation": [35, 0, 0]
				}
			}
		},
		"animation.lugia.water_swim": {
			"loop": true,
			"animation_length": 1.5,
			"bones": {
				"neck": {
					"rotation": [22.5, 0, 0],
					"position": [0, 0, 2]
				},
				"head": {
					"rotation": [47.5, 0, 0],
					"position": [0, -2, 0]
				},
				"body": {
					"rotation": [50, 0, 0],
					"position": {
						"0.0": [0, 5, 0],
						"0.75": [0, 8, 0],
						"1.5": [0, 5, 0]
					}
				},
				"l_wing": {
					"rotation": {
						"0.0": [34.13554, 16.76559, 11.06517],
						"0.25": [32.89875, 8.42145, 5.41207],
						"0.5": [33.40659, -12.60837, -8.19252],
						"0.75": [34.58859, -18.82943, -12.54707],
						"1.0": [33.40659, -12.60837, -8.19252],
						"1.25": [32.89875, 8.42145, 5.41207],
						"1.5": [34.13554, 16.76559, 11.06517]
					}
				},
				"r_wing": {
					"rotation": {
						"0.0": [33.7424, -14.6914, -9.61518],
						"0.25": [32.72348, -6.3202, -4.04618],
						"0.5": [33.40659, 12.60837, 8.19252],
						"0.75": [34.58859, 18.82943, 12.54707],
						"1.0": [33.40659, 12.60837, 8.19252],
						"1.25": [32.72348, -6.3202, -4.04618],
						"1.5": [33.7424, -14.6914, -9.61518]
					}
				},
				"foot_right": {
					"rotation": [35, 0, 0]
				},
				"tail": {
					"rotation": [-40, 0, 0]
				},
				"tail1": {
					"rotation": {
						"0.0": [-2.5, 0, 0],
						"0.75": [5, 0, 0],
						"1.5": [-2.5, 0, 0]
					}
				},
				"tail2": {
					"rotation": {
						"0.0": [-5, 0, 0],
						"0.75": [2.5, 0, 0],
						"1.5": [-5, 0, 0]
					}
				},
				"tail3": {
					"rotation": {
						"0.0": [-2.5, 0, 0],
						"0.75": [2.5, 0, 0],
						"1.5": [-2.5, 0, 0]
					}
				},
				"tail4": {
					"rotation": {
						"0.0": [-2.5, 0, 0],
						"0.75": [2.5, 0, 0],
						"1.5": [-2.5, 0, 0]
					}
				},
				"l_wing1": {
					"rotation": {
						"0.0": [0, 25, 0],
						"0.25": [0, 12.5, 0],
						"0.5": [0, -7.5, 0],
						"1.0": [0, -7.5, 0],
						"1.25": [0, 12.5, 0],
						"1.5": [0, 25, 0]
					}
				},
				"l_wing2": {
					"rotation": {
						"0.0": [0, 15, 0],
						"0.25": [0, 7.5, 0],
						"0.5": [0, -7.5, 0],
						"1.0": [0, -7.5, 0],
						"1.25": [0, 7.5, 0],
						"1.5": [0, 15, 0]
					}
				},
				"bone": {
					"rotation": {
						"0.0": [0, -25, 0],
						"0.25": [0, -12.5, 0],
						"0.5": [0, 7.5, 0],
						"1.0": [0, 7.5, 0],
						"1.25": [0, -12.5, 0],
						"1.5": [0, -25, 0]
					}
				},
				"bone2": {
					"rotation": {
						"0.0": [0, -15, 0],
						"0.25": [0, -7.5, 0],
						"0.5": [0, 7.5, 0],
						"1.0": [0, 7.5, 0],
						"1.25": [0, -7.5, 0],
						"1.5": [0, -15, 0]
					}
				},
				"left_foot": {
					"rotation": [35, 0, 0]
				}
			}
		},
		"animation.lugia.air_idle": {
			"loop": true,