{
	"format_version": "1.8.0",
	"animations": {
		"animation.miraidon.ground_idle": {
			"loop": true,
			"animation_length": 1.5,
			"bones": {
				"arm_left": {
					"rotation": [0, 27.5, -52.5]
				},
				"head": {
					"rotation": {
						"0.0": [0, 0, 0],
						"0.75": [-2.5, 0, 0],
						"1.5": [0, 0, 0]
					}
				},
				"thrusters": {
					"rotation": [60, 0, 0]
				},
				"tail2": {
					"rotation": {
						"0.0": [12.5, 0, 0],
						"0.375": [12.5, 7.5, 0],
						"0.75": [12.44297, 0, 0],
						"1.125": [12.5, -7.5, 0],
						"1.5": [12.5, 0, 0]
					}
				},
				"tail3": {
					"rotation": {
						"0.0": [7.5, 0, 0],
						"0.375": [7.5, 15, 0],
						"0.75": [7.5, 0, 0],
						"1.125": [7.5, -15, 0],
						"1.5": [7.5, 0, 0]
					}
				},
				"tail4": {
					"rotation": {
						"0.0": [5, 0, 0],
						"0.375": [5, 10, 0],
						"0.75": [5, 0, 0],
						"1.125": [5, -10, 0],
						"1.5": [5, 0, 0]
					}
				},
				"arm_right": {
					"rotation": [0, -27.5, 52.5]
				},
				"miraidon": {
					"rotation": [0, 0, 0],
					"position": {
						"0.0": [0, 0, 0],
						"0.75": [0, 1, 0],
						"1.5": [0, 0, 0]
					}
				},
				"arm_right_lower": {
					"rotation": {
						"0.0": [0, -42.5, 0],
						"0.75": [0, -45, 0],
						"1.5": [0, -42.5, 0]
					}
				},
				"arm_left_lower": {
					"rotation": {
						"0.0": [0, 42.5, 0],
						"0.75": [0, 45, 0],
						"1.5": [0, 42.5, 0]
					}
				},
				"tail5": {
					"rotation": {
						"0.0": [0, 0, 0],
						"0.375": [0, 17.5, 0],
						"0.75": [0, 0, 0],
						"1.125": [0, -17.5, 0],
						"1.5": [0, 0, 0]
					}
				}
			}
		},
		"animation.miraidon.ground_walk": {
			"loop": true,
			"animation_length": 1.5,
			"bones": {
				"arm_left": {
					"rotation": [0, 27.5, -52.5]
				},
				"head": {
					"rotation": {
						"0.0": [0, 0, 0],
						"0.75": [-2.5, 0, 0],
						"1.5": [0, 0, 0]
					}
				},
				"thrusters": {
					"rotation": [60, 0, 0]
				},
				"tail2": {
					"rotation": {
						"0.0": [12.5, 0, 0],
						"0.375": [12.5, 7.5, 0],
						"0.75": [12.44297, 0, 0],
						"1.125": [12.5, -7.5, 0],
						"1.5": [12.5, 0, 0]
					}
				},
				"tail3": {
					"rotation": {
						"0.0": [7.5, 0, 0],
						"0.375": [7.5, 15, 0],
						"0.75": [7.5, 0, 0],
						"1.125": [7.5, -15, 0],
						"1.5": [7.5, 0, 0]
					}
				},
				"tail4": {
					"rotation": {
						"0.0": [5, 0, 0],
						"0.375": [5, 10, 0],
						"0.75": [5, 0, 0],
						"1.125": [5, -10, 0],
						"1.5": [5, 0, 0]
					}
				},
				"arm_right": {
					"rotation": [0, -27.5, 52.5]
				},
				"miraidon": {
					"rotation": [0, 0, 0],
					"position": {
						"0.0": [0, 0, 0],
						"0.75": [0, 1, 0],
						"1.5": [0, 0, 0]
					}
				},
				"arm_right_lower": {
					"rotation": {
						"0.0": [0, -42.5, 0],
						"0.75": [0, -45, 0],
						"1.5": [0, -42.5, 0]
					}
				},
				"arm_left_lower": {
					"rotation": {
						"0.0": [0, 42.5, 0],
						"0.75": [0, 45, 0],
						"1.5": [0, 42.5, 0]
					}
				},
				"tail5": {
					"rotation": {
						"0.0": [0, 0, 0],
						"0.375": [0, 17.5, 0],
						"0.75": [0, 0, 0],
						"1.125": [0, -17.5, 0],
						"1.5": [0, 0, 0]
					}
				}
			}
		},
		"animation.miraidon.faint": {
			"loop": true,
			"animation_length": 1.5,
			"bones": {
				"arm_left": {
					"rotation": [0, 27.5, -52.5]
				},
				"head": {
					"rotation": {
						"0.0": [0, 0, 0],
						"0.75": [-12.5, 0, 0],
						"1.5": [0, 0, 0]
					}
				},
				"thrusters": {
					"rotation": [60, 0, 0]
				},
				"tail2": {
					"rotation": {
						"0.0": [12.5, 0, 0],
						"0.375": [12.5, 7.5, 0],
						"0.75": [12.44297, 0, 0],
						"1.125": [12.5, -7.5, 0],
						"1.5": [12.5, 0, 0]
					}
				},
				"tail3": {
					"rotation": {
						"0.0": [7.5, 0, 0],
						"0.375": [7.5, 15, 0],
						"0.75": [7.5, 0, 0],
						"1.125": [7.5, -15, 0],
						"1.5": [7.5, 0, 0]
					}
				},
				"tail4": {
					"rotation": {
						"0.0": [5, 0, 0],
						"0.375": [5, 10, 0],
						"0.75": [5, 0, 0],
						"1.125": [5, -10, 0],
						"1.5": [5, 0, 0]
					}
				},
				"arm_right": {
					"rotation": [0, -27.5, 52.5]
				},
				"miraidon": {
					"rotation": [0, 0, 0],
					"position": {
						"0.0": [0, 0, 0],
						"0.75": [0, 1, 0],
						"1.5": [0, 0, 0]
					}
				},
				"arm_right_lower": {
					"rotation": {
						"0.0": [0, -42.5, 0],
						"0.75": [0, -45, 0],
						"1.5": [0, -42.5, 0]
					}
				},
				"arm_left_lower": {
					"rotation": {
						"0.0": [0, 42.5, 0],
						"0.75": [0, 45, 0],
						"1.5": [0, 42.5, 0]
					}
				},
				"tail5": {
					"rotation": {
						"0.0": [0, 0, 0],
						"0.375": [0, 17.5, 0],
						"0.75": [0, 0, 0],
						"1.125": [0, -17.5, 0],
						"1.5": [0, 0, 0]
					}
				},
				"neck": {
					"rotation": {
						"0.0": [0, 0, 0],
						"0.75": [-22.5, 0, 0]
					}
				},
				"neck2": {
					"rotation": {
						"0.0": [0, 0, 0],
						"0.75": [0, 0, 0]
					}
				}
			}
		}
	}
}