{
	"format_version": "1.8.0",
	"animations": {
		"animation.macabrula.ground_idle": {
			"loop": true,
			"animation_length": 4,
			"bones": {
				"head": {
					"position": {
						"0.0833": [0, 0, 0],
						"2.0833": [0, -1, 0],
						"4.0": [0, 0, 0]
					}
				},
				"abdomen": {
					"position": {
						"0.0": [0, 0, 0],
						"2.0": [0, -1, 0],
						"4.0": [0, 0, 0]
					}
				}
			}
		},
		"animation.macabrula.ground_walk": {
			"loop": true,
			"animation_length": 2,
			"bones": {
				"head": {
					"rotation": {
						"0.0": [0, 0, -5],
						"1.0": [0, 0, 5],
						"2.0": [0, 0, -5]
					}
				},
				"abdomen": {
					"rotation": {
						"0.0": [0, 0, 5],
						"1.0": [0, 0, -5],
						"2.0": [0, 0, 5]
					}
				},
				"leftfur": {
					"rotation": {
						"0.0": [0, 0, -2.5],
						"0.25": [0, 0, 2.5],
						"0.5": [0, 0, 12.5],
						"0.75": [0, 0, 2.5],
						"1.0": [0, 0, -2.5]
					}
				},
				"rightfur": {
					"rotation": {
						"0.0": [0, 0, -7.5],
						"0.5": [0, 0, 0],
						"1.0": [0, 0, 5],
						"1.5": [0, 0, 0],
						"2.0": [0, 0, -7.5]
					}
				},
				"backfur": {
					"rotation": [12.5, 0, 0]
				},
				"frontfur": {
					"rotation": [12.5, 0, 0]
				},
				"rightleg1": {
					"rotation": {
						"0.0": [0, 12.5, 0],
						"0.5": [-11.21792, -6.26755, 16.7357],
						"1.0": [0, -27.5, 0],
						"2.0": [0, 12.5, 0]
					}
				},
				"rightleg1mid": {
					"rotation": {
						"0.0": [0, 0, 0],
						"0.5": [0, 0, 20],
						"1.0": [0, 0, 0]
					}
				},
				"rightleg2": {
					"rotation": {
						"0.0": [0, -15, 0],
						"1.0": [0, 5, 0],
						"1.5": [-1.5223, -4.83327, 12.59089],
						"2.0": [0, -15, 0]
					}
				},
				"rightleg1mid2": {
					"rotation": {
						"0.0": [0, 0, 0],
						"1.0": [0, 0, 0],
						"1.5": [0, 0, 22.5],
						"2.0": [0, 0, 0]
					}
				},
				"rightleg3": {
					"rotation": {
						"0.0": [0, 12.5, 0],
						"0.5": [3.86321, -1.58811, 10.71319],
						"1.0": [0, -15, 0],
						"2.0": [0, 12.5, 0]
					}
				},
				"rightleg1mid4": {
					"rotation": {
						"0.0": [0, 0, 0],
						"0.5": [0, 0, 20],
						"1.0": [0, 0, 0]
					}
				},
				"rightleg4": {
					"rotation": {
						"0.0": [0, -17.5, 0],
						"1.0": [0, 12.5, 0],
						"1.5": [13.92809, -3.72454, 17.0883],
						"2.0": [0, -17.5, 0]
					}
				},
				"rightleg1mid3": {
					"rotation": {
						"0.0": [0, 0, 0],
						"1.0": [0, 0, 0],
						"1.5": [0, 0, 20],
						"2.0": [0, 0, 0]
					}
				},
				"leftleg1": {
					"rotation": {
						"0.0": [0, 17.5, 0],
						"1.0": [0, -10, 0],
						"1.5": [-7.93406, 3.05476, -12.74002],
						"2.0": [0, 17.5, 0]
					}
				},
				"leftleg1mid": {
					"rotation": {
						"0.0": [0, 0, 0],
						"1.0": [0, 0, 0],
						"1.5": [0, 0, -22.5],
						"2.0": [0, 0, 0]
					}
				},
				"leftleg2": {
					"rotation": {
						"0.0": [0, -15, 0],
						"0.5": [0.10822, -2.48815, -12.50046],
						"1.0": [0, 10, 0],
						"2.0": [0, -15, 0]
					}
				},
				"leftleg1mid2": {
					"rotation": {
						"0.0": [0, 0, 0],
						"0.5": [0, 0, -22.5],
						"1.0": [0, 0, 0]
					}
				},
				"leftleg3": {
					"rotation": {
						"0.0": [0, 17.5, 0],
						"1.0": [0, 0, 0],
						"1.5": [2.43312, 8.9629, -10.28882],
						"2.0": [0, 17.5, 0]
					}
				},
				"leftleg1mid4": {
					"rotation": {
						"0.0": [0, 0, 0],
						"1.0": [0, 0, 0],
						"1.5": [0, 0, -27.5],
						"2.0": [0, 0, 0]
					}
				},
				"leftleg4": {
					"rotation": {
						"0.0": [0, -2.5, 0],
						"0.5": [11.20014, 9.73299, -14.97209],
						"1.0": [0, 20, 0],
						"2.0": [0, -2.5, 0]
					}
				},
				"leftleg1mid3": {
					"rotation": {
						"0.0": [0, 0, 0],
						"0.5": [0, 0, -22.5],
						"1.0": [0, 0, 0]
					}
				},
				"front": {
					"rotation": {
						"0.0": [0, 0, 0],
						"0.5": [67.5, 0, 0],
						"1.0": [0, 0, 0]
					}
				},
				"back": {
					"rotation": {
						"0.0": [0, 0, 0],
						"0.5": [-70, 0, 0],
						"1.0": [0, 0, 0]
					}
				},
				"left2": {
					"rotation": {
						"0.0": [0, 0, 0],
						"0.5": [0, 0, 42.5],
						"1.0": [0, 0, 0]
					}
				},
				"left3": {
					"rotation": {
						"0.0": [0, 0, 0],
						"0.5": [0, 0, -75],
						"1.0": [0, 0, 0]
					}
				},
				"front2": {
					"rotation": {
						"0.0": [0, 0, 0],
						"1.0": [0, 0, 0],
						"1.5": [60, 0, 0],
						"2.0": [0, 0, 0]
					}
				},
				"back2": {
					"rotation": {
						"0.0": [0, 0, 0],
						"1.0": [0, 0, 0],
						"1.5": [-52.5, 0, 0],
						"2.0": [0, 0, 0]
					}
				},
				"left4": {
					"rotation": {
						"0.0": [0, 0, 0],
						"1.0": [0, 0, 0],
						"1.5": [0, 0, 52.5],
						"2.0": [0, 0, 0]
					}
				},
				"left5": {
					"rotation": {
						"0.0": [0, 0, 0],
						"1.0": [0, 0, 0],
						"1.5": [0, 0, -102.5],
						"2.0": [0, 0, 0]
					}
				},
				"front4": {
					"rotation": {
						"0.0": [0, 0, 0],
						"0.5": [-55, 0, 0],
						"1.0": [0, 0, 0]
					}
				},
				"back4": {
					"rotation": {
						"0.0": [0, 0, 0],
						"0.5": [60, 0, 0],
						"1.0": [0, 0, 0]
					}
				},
				"left8": {
					"rotation": {
						"0.0": [0, 0, 0],
						"0.5": [0, 0, 62.5],
						"1.0": [0, 0, 0]
					}
				},
				"left9": {
					"rotation": {
						"0.0": [0, 0, 0],
						"0.5": [0, 0, -105],
						"1.0": [0, 0, 0]
					}
				},
				"front3": {
					"rotation": {
						"0.0": [0, 0, 0],
						"1.0": [0, 0, 0],
						"1.5": [-67.5, 0, 0],
						"2.0": [0, 0, 0]
					}
				},
				"back3": {
					"rotation": {
						"0.0": [0, 0, 0],
						"1.0": [0, 0, 0],
						"1.5": [42.5, 0, 0],
						"2.0": [0, 0, 0]
					}
				},
				"left6": {
					"rotation": {
						"0.0": [0, 0, 0],
						"1.0": [0, 0, 0],
						"1.5": [0, 0, 57.5],
						"2.0": [0, 0, 0]
					}
				},
				"left7": {
					"rotation": {
						"0.0": [0, 0, 0],
						"1.0": [0, 0, 0],
						"1.5": [0, 0, -107.5],
						"2.0": [0, 0, 0]
					}
				},
				"front5": {
					"rotation": {
						"0.0": [0, 0, 0],
						"1.0": [0, 0, 0],
						"1.5": [50, 0, 0],
						"2.0": [0, 0, 0]
					}
				},
				"back5": {
					"rotation": {
						"0.0": [0, 0, 0],
						"1.0": [0, 0, 0],
						"1.5": [-77.5, 0, 0],
						"2.0": [0, 0, 0]
					}
				},
				"right2": {
					"rotation": {
						"0.0": [0, 0, 0],
						"1.0": [0, 0, 0],
						"1.5": [0, 0, -65],
						"2.0": [0, 0, 0]
					}
				},
				"right3": {
					"rotation": {
						"0.0": [0, 0, 0],
						"1.0": [0, 0, 0],
						"1.5": [0, 0, 112.5],
						"2.0": [0, 0, 0]
					}
				},
				"front6": {
					"rotation": {
						"0.0": [0, 0, 0],
						"0.5": [60, 0, 0],
						"1.0": [0, 0, 0]
					}
				},
				"back6": {
					"rotation": {
						"0.0": [0, 0, 0],
						"0.5": [-60, 0, 0],
						"1.0": [0, 0, 0]
					}
				},
				"right4": {
					"rotation": {
						"0.0": [0, 0, 0],
						"0.5": [0, 0, -50],
						"1.0": [0, 0, 0]
					}
				},
				"right5": {
					"rotation": {
						"0.0": [0, 0, 0],
						"0.5": [0, 0, 122.5],
						"1.0": [0, 0, 0]
					}
				},
				"front7": {
					"rotation": {
						"0.0": [0, 0, 0],
						"1.0": [0, 0, 0],
						"1.5": [-72.5, 0, 0],
						"2.0": [0, 0, 0]
					}
				},
				"back7": {
					"rotation": {
						"0.0": [0, 0, 0],
						"1.0": [0, 0, 0],
						"1.5": [77.5, 0, 0],
						"2.0": [0, 0, 0]
					}
				},
				"right8": {
					"rotation": {
						"0.0": [0, 0, 0],
						"1.0": [0, 0, 0],
						"1.5": [0, 0, -57.5],
						"2.0": [0, 0, 0]
					}
				},
				"right9": {
					"rotation": {
						"0.0": [0, 0, 0],
						"1.0": [0, 0, 0],
						"1.5": [0, 0, 120],
						"2.0": [0, 0, 0]
					}
				},
				"front8": {
					"rotation": {
						"0.0": [0, 0, 0],
						"0.5": [-72.5, 0, 0],
						"1.0": [0, 0, 0]
					}
				},
				"back8": {
					"rotation": {
						"0.0": [0, 0, 0],
						"0.5": [72.5, 0, 0],
						"1.0": [0, 0, 0],
						"2.0": [0, 0, 0]
					}
				},
				"right6": {
					"rotation": {
						"0.0": [0, 0, 0],
						"0.5": [0, 0, -55],
						"1.0": [0, 0, 0]
					}
				},
				"right7": {
					"rotation": {
						"0.0": [0, 0, 0],